<?xml version="1.0" encoding="UTF-8"?>
<metadata xml:lang="en"><Esri><CreaDate>20220120</CreaDate><CreaTime>12002300</CreaTime><ArcGISFormat>1.0</ArcGISFormat><SyncOnce>FALSE</SyncOnce><DataProperties><lineage><Process ToolSource="c:\program files\arcgis\desktop10.1\ArcToolbox\Toolboxes\Spatial Analyst Tools.tbx\RasterCalculator" Date="20130912" Time="114235">RasterCalculator "Dens50km.tif"/("pts.tif"/7853.982) C:\Users\mhcuser7\Documents\Moon\CraterDiffusionMeasurements\mergerSep2013\Dens50kmEdgC.tif</Process><Process ToolSource="c:\program files\arcgis\desktop10.1\ArcToolbox\Toolboxes\Data Management Tools.tbx\Clip" Date="20130912" Time="114459">Clip Dens50kmEdgC.tif "-4671865.00876293 -1819450.58756275 5042794.76642686 1927547.7710256" C:\Users\mhcuser7\Documents\Moon\CraterDiffusionMeasurements\mergerSep2013\Dens50kmEdgC_clip.tif AREA_MergeSep2013 -3.402823e+038 ClippingGeometry</Process></lineage><itemProps><itemName Sync="TRUE">Dens50kmEdgC_clip.tif</itemName><itemLocation><linkage Sync="TRUE">file://\\MSSDW16081982\D$\Dens50kmEdgC_clip.tif</linkage><protocol Sync="TRUE">Local Area Network</protocol></itemLocation><imsContentType Sync="TRUE">002</imsContentType><nativeExtBox><westBL Sync="TRUE">-4667528.363834</westBL><eastBL Sync="TRUE">5032471.636166</eastBL><southBL Sync="TRUE">-1815885.878816</southBL><northBL Sync="TRUE">1919114.121184</northBL><exTypeCode Sync="TRUE">1</exTypeCode></nativeExtBox></itemProps><coordRef><type Sync="TRUE">Projected</type><geogcsn Sync="TRUE">GCS_Moon</geogcsn><csUnits Sync="TRUE">Linear Unit: Meter (1.000000)</csUnits><projcsn Sync="TRUE">Equirectangular_Moon</projcsn><peXml Sync="TRUE">&lt;ProjectedCoordinateSystem xsi:type='typens:ProjectedCoordinateSystem' xmlns:xsi='http://www.w3.org/2001/XMLSchema-instance' xmlns:xs='http://www.w3.org/2001/XMLSchema' xmlns:typens='http://www.esri.com/schemas/ArcGIS/10.1'&gt;&lt;WKT&gt;PROJCS[&amp;quot;Equirectangular_Moon&amp;quot;,GEOGCS[&amp;quot;GCS_Moon&amp;quot;,DATUM[&amp;quot;D_Moon&amp;quot;,SPHEROID[&amp;quot;Moon_localRadius&amp;quot;,1737400.0,0.0]],PRIMEM[&amp;quot;Reference_Meridian&amp;quot;,0.0],UNIT[&amp;quot;Degree&amp;quot;,0.0174532925199433]],PROJECTION[&amp;quot;Plate_Carree&amp;quot;],PARAMETER[&amp;quot;false_easting&amp;quot;,0.0],PARAMETER[&amp;quot;false_northing&amp;quot;,0.0],PARAMETER[&amp;quot;central_meridian&amp;quot;,0.0],UNIT[&amp;quot;Meter&amp;quot;,1.0]]&lt;/WKT&gt;&lt;XOrigin&gt;-5458400&lt;/XOrigin&gt;&lt;YOrigin&gt;-2729300&lt;/YOrigin&gt;&lt;XYScale&gt;825076877.35792446&lt;/XYScale&gt;&lt;ZOrigin&gt;-100000&lt;/ZOrigin&gt;&lt;ZScale&gt;10000&lt;/ZScale&gt;&lt;MOrigin&gt;-100000&lt;/MOrigin&gt;&lt;MScale&gt;10000&lt;/MScale&gt;&lt;XYTolerance&gt;0.001&lt;/XYTolerance&gt;&lt;ZTolerance&gt;0.001&lt;/ZTolerance&gt;&lt;MTolerance&gt;0.001&lt;/MTolerance&gt;&lt;HighPrecision&gt;true&lt;/HighPrecision&gt;&lt;/ProjectedCoordinateSystem&gt;</peXml></coordRef><RasterProperties><General><PixelDepth Sync="TRUE">32</PixelDepth><HasColormap Sync="TRUE">FALSE</HasColormap><CompressionType Sync="TRUE">LZW</CompressionType><NumBands Sync="TRUE">1</NumBands><Format Sync="TRUE">TIFF</Format><HasPyramids Sync="TRUE">TRUE</HasPyramids><SourceType Sync="TRUE">continuous</SourceType><PixelType Sync="TRUE">floating point</PixelType><NoDataValue Sync="TRUE">-3.4028231e+038</NoDataValue></General></RasterProperties><copyHistory><copy source="D:\LunarCraterDegradation\CraterDiffusionMeasurements\mergerSep2013\Dens50kmEdgC_clip.tif" dest="\\MSSDW16081982\D$\Dens50kmEdgC_clip.tif" date="20220120" time="12002300"></copy></copyHistory></DataProperties><SyncDate>20130912</SyncDate><SyncTime>11445900</SyncTime><ModDate>20130912</ModDate><ModTime>11445900</ModTime></Esri><dataIdInfo><envirDesc Sync="TRUE">Microsoft Windows 7 Version 6.1 (Build 7601) Service Pack 1; Esri ArcGIS 10.1.1.3143</envirDesc><dataLang><languageCode value="eng" Sync="TRUE"></languageCode><countryCode value="USA" Sync="TRUE"></countryCode></dataLang><idCitation><resTitle Sync="TRUE">Dens50kmEdgC_clip.tif</resTitle><presForm><PresFormCd value="005" Sync="TRUE"></PresFormCd></presForm></idCitation><spatRpType><SpatRepTypCd value="002" Sync="TRUE"></SpatRepTypCd></spatRpType><dataExt><geoEle><GeoBndBox esriExtentType="search"><exTypeCode Sync="TRUE">1</exTypeCode><westBL Sync="TRUE">-153.925219</westBL><eastBL Sync="TRUE">165.960277</eastBL><northBL Sync="TRUE">63.288327</northBL><southBL Sync="TRUE">-59.884078</southBL></GeoBndBox></geoEle></dataExt></dataIdInfo><mdLang><languageCode value="eng" Sync="TRUE"></languageCode><countryCode value="USA" Sync="TRUE"></countryCode></mdLang><mdChar><CharSetCd value="004" Sync="TRUE"></CharSetCd></mdChar><distInfo><distFormat><formatName Sync="TRUE">Raster Dataset</formatName></distFormat></distInfo><mdHrLv><ScopeCd value="005" Sync="TRUE"></ScopeCd></mdHrLv><mdHrLvName Sync="TRUE">dataset</mdHrLvName><refSysInfo><RefSystem><refSysID><identCode code="0" Sync="TRUE"></identCode></refSysID></RefSystem></refSysInfo><spatRepInfo><Georect><cellGeo><CellGeoCd Sync="TRUE" value="002"></CellGeoCd></cellGeo><numDims Sync="TRUE">2</numDims><tranParaAv Sync="TRUE">1</tranParaAv><chkPtAv Sync="TRUE">0</chkPtAv><cornerPts><pos Sync="TRUE">-4667528.363834 -1815885.878816</pos></cornerPts><cornerPts><pos Sync="TRUE">-4667528.363834 1919114.121184</pos></cornerPts><cornerPts><pos Sync="TRUE">5032471.636166 1919114.121184</pos></cornerPts><cornerPts><pos Sync="TRUE">5032471.636166 -1815885.878816</pos></cornerPts><centerPt><pos Sync="TRUE">182471.636166 51614.121184</pos></centerPt><axisDimension type="002"><dimSize Sync="TRUE">1940</dimSize><dimResol><value Sync="TRUE" uom="Meter">5000.000000</value></dimResol></axisDimension><axisDimension type="001"><dimSize Sync="TRUE">747</dimSize><dimResol><value Sync="TRUE" uom="Meter">5000.000000</value></dimResol></axisDimension><ptInPixel><PixOrientCd Sync="TRUE" value="001"></PixOrientCd></ptInPixel></Georect></spatRepInfo><contInfo><ImgDesc><contentTyp><ContentTypCd Sync="TRUE" value="001"></ContentTypCd></contentTyp><covDim><Band><dimDescrp Sync="TRUE">Band_1</dimDescrp><bitsPerVal Sync="TRUE">32</bitsPerVal><valUnit><UOM type="length"></UOM></valUnit></Band></covDim></ImgDesc></contInfo><mdDateSt Sync="TRUE">20130912</mdDateSt></metadata>
